dataset,variant,temperature_mode,initial_tau,final_tau,seed,eval_horizon,mse,mae,H_norm,N_eff,N_eff_ratio,max_attention,checksum_verified
ETTh1,tau0.5,fixed,0.5,0.5,42,24,0.83708,0.63159,0.94219,79.44,0.8275,0.0375,True
ETTh1,tau0.5,fixed,0.5,0.5,42,48,0.85556,0.64413,0.94412,79.83,0.8316,0.03677,True
ETTh1,tau0.5,fixed,0.5,0.5,42,96,0.88095,0.66297,0.94536,80.0,0.8334,0.03637,True
ETTh1,tau0.5,fixed,0.5,0.5,42,192,0.92278,0.68375,0.94594,80.05,0.8339,0.03564,True
ETTh1,tau0.5,fixed,0.5,0.5,42,336,0.94961,0.69862,0.94597,80.01,0.8334,0.03563,True
ETTh1,tau0.5,fixed,0.5,0.5,42,720,1.09011,0.76608,0.94596,79.98,0.8331,0.03565,True
ETTh1,tau0.5,fixed,0.5,0.5,43,24,0.82242,0.62915,0.94614,80.01,0.8335,0.03484,True
ETTh1,tau0.5,fixed,0.5,0.5,43,48,0.84317,0.64208,0.94752,80.3,0.8364,0.03447,True
ETTh1,tau0.5,fixed,0.5,0.5,43,96,0.87176,0.65959,0.94859,80.45,0.838,0.0342,True
ETTh1,tau0.5,fixed,0.5,0.5,43,192,0.91709,0.68167,0.94902,80.47,0.8383,0.03351,True
ETTh1,tau0.5,fixed,0.5,0.5,43,336,0.94224,0.69532,0.94951,80.52,0.8388,0.03326,True
ETTh1,tau0.5,fixed,0.5,0.5,43,720,1.08272,0.76305,0.94853,80.28,0.8363,0.03375,True
ETTh1,tau0.5,fixed,0.5,0.5,44,24,0.83295,0.62668,0.91462,73.86,0.7693,0.05156,True
ETTh1,tau0.5,fixed,0.5,0.5,44,48,0.85537,0.63986,0.9164,74.19,0.7728,0.05093,True
ETTh1,tau0.5,fixed,0.5,0.5,44,96,0.88835,0.66116,0.91679,74.21,0.773,0.0511,True
ETTh1,tau0.5,fixed,0.5,0.5,44,192,0.93429,0.68416,0.91777,74.31,0.774,0.05017,True
ETTh1,tau0.5,fixed,0.5,0.5,44,336,0.9608,0.69866,0.91777,74.24,0.7733,0.05015,True
ETTh1,tau0.5,fixed,0.5,0.5,44,720,1.10049,0.76511,0.91718,74.12,0.772,0.05047,True
ETTh1,tau1.0,fixed,1.0,1.0,42,24,0.82704,0.62761,0.971,87.26,0.9089,0.02549,True
ETTh1,tau1.0,fixed,1.0,1.0,42,48,0.84399,0.63965,0.97234,87.57,0.9122,0.02495,True
ETTh1,tau1.0,fixed,1.0,1.0,42,96,0.8662,0.65725,0.97325,87.74,0.914,0.02463,True
ETTh1,tau1.0,fixed,1.0,1.0,42,192,0.90938,0.67879,0.97337,87.72,0.9138,0.02429,True
ETTh1,tau1.0,fixed,1.0,1.0,42,336,0.93643,0.6935,0.97344,87.71,0.9136,0.02425,True
ETTh1,tau1.0,fixed,1.0,1.0,42,720,1.07413,0.76008,0.97357,87.73,0.9139,0.02422,True
ETTh1,tau1.0,fixed,1.0,1.0,43,24,0.82129,0.62638,0.9764,88.39,0.9207,0.02265,True
ETTh1,tau1.0,fixed,1.0,1.0,43,48,0.84072,0.63891,0.97731,88.6,0.923,0.02237,True
ETTh1,tau1.0,fixed,1.0,1.0,43,96,0.86565,0.6553,0.97803,88.75,0.9245,0.02215,True
ETTh1,tau1.0,fixed,1.0,1.0,43,192,0.90869,0.67708,0.97805,88.71,0.9241,0.02184,True
ETTh1,tau1.0,fixed,1.0,1.0,43,336,0.93321,0.69048,0.97841,88.78,0.9248,0.02167,True
ETTh1,tau1.0,fixed,1.0,1.0,43,720,1.07194,0.75755,0.978,88.66,0.9236,0.02188,True
ETTh1,tau1.0,fixed,1.0,1.0,44,24,0.82894,0.62079,0.95948,84.35,0.8786,0.0308,True
ETTh1,tau1.0,fixed,1.0,1.0,44,48,0.85293,0.6344,0.96078,84.62,0.8814,0.03034,True
ETTh1,tau1.0,fixed,1.0,1.0,44,96,0.8875,0.65552,0.96124,84.68,0.8821,0.0303,True
ETTh1,tau1.0,fixed,1.0,1.0,44,192,0.93385,0.67804,0.96154,84.68,0.8821,0.0298,True
ETTh1,tau1.0,fixed,1.0,1.0,44,336,0.95959,0.69269,0.96168,84.67,0.8819,0.02971,True
ETTh1,tau1.0,fixed,1.0,1.0,44,720,1.10388,0.76173,0.96121,84.55,0.8807,0.02994,True
ETTh1,tau2.0,fixed,2.0,2.0,42,24,0.83498,0.62806,0.9871,91.78,0.956,0.01802,True
ETTh1,tau2.0,fixed,2.0,2.0,42,48,0.85309,0.64048,0.98787,91.98,0.9582,0.01771,True
ETTh1,tau2.0,fixed,2.0,2.0,42,96,0.87677,0.65832,0.98844,92.12,0.9595,0.01749,True
ETTh1,tau2.0,fixed,2.0,2.0,42,192,0.92027,0.67994,0.98829,92.06,0.9589,0.01739,True
ETTh1,tau2.0,fixed,2.0,2.0,42,336,0.94624,0.69458,0.98839,92.08,0.9591,0.01733,True
ETTh1,tau2.0,fixed,2.0,2.0,42,720,1.08402,0.76213,0.98856,92.13,0.9596,0.01728,True
ETTh1,tau2.0,fixed,2.0,2.0,43,24,0.82413,0.63378,0.98925,92.33,0.9617,0.017,True
ETTh1,tau2.0,fixed,2.0,2.0,43,48,0.84387,0.64595,0.98978,92.46,0.9632,0.01681,True
ETTh1,tau2.0,fixed,2.0,2.0,43,96,0.86867,0.6626,0.99022,92.57,0.9643,0.01665,True
ETTh1,tau2.0,fixed,2.0,2.0,43,192,0.90842,0.68401,0.99015,92.53,0.9638,0.01651,True
ETTh1,tau2.0,fixed,2.0,2.0,43,336,0.92968,0.69649,0.99036,92.58,0.9644,0.0164,True
ETTh1,tau2.0,fixed,2.0,2.0,43,720,1.06333,0.76199,0.99019,92.53,0.9638,0.0165,True
ETTh1,tau2.0,fixed,2.0,2.0,44,24,0.82066,0.61806,0.98034,89.88,0.9362,0.02127,True
ETTh1,tau2.0,fixed,2.0,2.0,44,48,0.8444,0.63186,0.98122,90.08,0.9383,0.02093,True
ETTh1,tau2.0,fixed,2.0,2.0,44,96,0.87642,0.65255,0.98163,90.15,0.9391,0.0208,True
ETTh1,tau2.0,fixed,2.0,2.0,44,192,0.92039,0.67463,0.98168,90.13,0.9388,0.02054,True
ETTh1,tau2.0,fixed,2.0,2.0,44,336,0.94795,0.68937,0.98184,90.14,0.939,0.02044,True
ETTh1,tau2.0,fixed,2.0,2.0,44,720,1.08926,0.75765,0.98159,90.06,0.9382,0.02056,True
ETTh1,tau4.0,fixed,4.0,4.0,42,24,0.83038,0.62747,0.98971,92.68,0.9654,0.01669,True
ETTh1,tau4.0,fixed,4.0,4.0,42,48,0.84873,0.63991,0.99032,92.84,0.9671,0.01642,True
ETTh1,tau4.0,fixed,4.0,4.0,42,96,0.87283,0.6576,0.9907,92.92,0.9679,0.01628,True
ETTh1,tau4.0,fixed,4.0,4.0,42,192,0.91069,0.67768,0.99066,92.89,0.9676,0.01617,True
ETTh1,tau4.0,fixed,4.0,4.0,42,336,0.93421,0.69084,0.99072,92.89,0.9676,0.01613,True
ETTh1,tau4.0,fixed,4.0,4.0,42,720,1.06734,0.75622,0.99079,92.92,0.9679,0.01613,True
ETTh1,tau4.0,fixed,4.0,4.0,43,24,0.8298,0.63262,0.99303,93.58,0.9748,0.01503,True
ETTh1,tau4.0,fixed,4.0,4.0,43,48,0.84881,0.64461,0.99339,93.68,0.9758,0.0149,True
ETTh1,tau4.0,fixed,4.0,4.0,43,96,0.87329,0.66089,0.99366,93.74,0.9765,0.0148,True
ETTh1,tau4.0,fixed,4.0,4.0,43,192,0.91004,0.68079,0.99363,93.72,0.9763,0.0147,True
ETTh1,tau4.0,fixed,4.0,4.0,43,336,0.93105,0.69241,0.99379,93.76,0.9767,0.01462,True
ETTh1,tau4.0,fixed,4.0,4.0,43,720,1.06326,0.75636,0.99357,93.69,0.976,0.01474,True
ETTh1,tau4.0,fixed,4.0,4.0,44,24,0.81368,0.61747,0.98917,92.43,0.9628,0.01701,True
ETTh1,tau4.0,fixed,4.0,4.0,44,48,0.83869,0.63147,0.98972,92.56,0.9642,0.01679,True
ETTh1,tau4.0,fixed,4.0,4.0,44,96,0.87234,0.65222,0.98995,92.61,0.9646,0.01671,True
ETTh1,tau4.0,fixed,4.0,4.0,44,192,0.91185,0.67319,0.98997,92.59,0.9645,0.01655,True
ETTh1,tau4.0,fixed,4.0,4.0,44,336,0.93996,0.68795,0.99007,92.6,0.9646,0.01648,True
ETTh1,tau4.0,fixed,4.0,4.0,44,720,1.07621,0.7544,0.98991,92.54,0.964,0.01656,True
ETTh1,learnable,learnable,1.0,0.5665,42,24,0.83256,0.62922,0.95091,81.7,0.851,0.03393,True
ETTh1,learnable,learnable,1.0,0.5665,42,48,0.85073,0.64153,0.95275,82.09,0.8551,0.03322,True
ETTh1,learnable,learnable,1.0,0.5665,42,96,0.87421,0.65966,0.95391,82.27,0.857,0.03283,True
ETTh1,learnable,learnable,1.0,0.5665,42,192,0.91755,0.68086,0.95431,82.29,0.8572,0.03223,True
ETTh1,learnable,learnable,1.0,0.5665,42,336,0.94438,0.69539,0.95435,82.26,0.8568,0.03222,True
ETTh1,learnable,learnable,1.0,0.5665,42,720,1.08307,0.76243,0.95437,82.24,0.8567,0.03223,True
ETTh1,learnable,learnable,1.0,0.6416,43,24,0.82256,0.62765,0.96056,83.88,0.8737,0.02916,True
ETTh1,learnable,learnable,1.0,0.6416,43,48,0.84267,0.64027,0.96178,84.14,0.8765,0.02879,True
ETTh1,learnable,learnable,1.0,0.6416,43,96,0.86863,0.65691,0.96271,84.3,0.8781,0.02854,True
ETTh1,learnable,learnable,1.0,0.6416,43,192,0.91225,0.67852,0.96294,84.3,0.8781,0.02801,True
ETTh1,learnable,learnable,1.0,0.6416,43,336,0.93654,0.69171,0.9634,84.36,0.8787,0.0278,True
ETTh1,learnable,learnable,1.0,0.6416,43,720,1.07551,0.75878,0.96274,84.19,0.877,0.02813,True
ETTh1,learnable,learnable,1.0,0.5774,44,24,0.83379,0.62762,0.93418,77.97,0.8122,0.04184,True
ETTh1,learnable,learnable,1.0,0.5774,44,48,0.85771,0.64084,0.93579,78.28,0.8155,0.0413,True
ETTh1,learnable,learnable,1.0,0.5774,44,96,0.89124,0.66179,0.93614,78.31,0.8157,0.04144,True
ETTh1,learnable,learnable,1.0,0.5774,44,192,0.93757,0.68433,0.93679,78.36,0.8162,0.04069,True
ETTh1,learnable,learnable,1.0,0.5774,44,336,0.9612,0.69769,0.93685,78.31,0.8157,0.04064,True
ETTh1,learnable,learnable,1.0,0.5774,44,720,1.10064,0.76363,0.93623,78.17,0.8143,0.04095,True
exchange,tau0.5,fixed,0.5,0.5,42,24,0.11053,0.2372,0.64432,42.02,0.4377,0.27499,True
exchange,tau0.5,fixed,0.5,0.5,42,48,0.1352,0.2652,0.64411,41.99,0.4374,0.27549,True
exchange,tau0.5,fixed,0.5,0.5,42,96,0.1875,0.31508,0.64348,42.0,0.4375,0.27617,True
exchange,tau0.5,fixed,0.5,0.5,42,192,0.29409,0.40053,0.64263,41.71,0.4345,0.27353,True
exchange,tau0.5,fixed,0.5,0.5,42,336,0.4739,0.51469,0.64786,42.27,0.4403,0.27288,True
exchange,tau0.5,fixed,0.5,0.5,42,720,1.19546,0.83944,0.65084,42.54,0.4431,0.27113,True
exchange,tau0.5,fixed,0.5,0.5,43,24,0.1064,0.2371,0.90914,72.73,0.7576,0.06357,True
exchange,tau0.5,fixed,0.5,0.5,43,48,0.13133,0.26449,0.90934,72.71,0.7574,0.06349,True
exchange,tau0.5,fixed,0.5,0.5,43,96,0.18305,0.31338,0.91062,72.82,0.7586,0.06239,True
exchange,tau0.5,fixed,0.5,0.5,43,192,0.29758,0.40612,0.91302,73.04,0.7609,0.06062,True
exchange,tau0.5,fixed,0.5,0.5,43,336,0.49181,0.52517,0.9172,73.86,0.7693,0.05898,True
exchange,tau0.5,fixed,0.5,0.5,43,720,1.2486,0.86461,0.91755,73.91,0.7699,0.05886,True
exchange,tau0.5,fixed,0.5,0.5,44,24,0.10431,0.23615,0.93754,77.57,0.808,0.04575,True
exchange,tau0.5,fixed,0.5,0.5,44,48,0.1296,0.26398,0.93782,77.61,0.8085,0.04566,True
exchange,tau0.5,fixed,0.5,0.5,44,96,0.18195,0.31263,0.93796,77.53,0.8076,0.04546,True
exchange,tau0.5,fixed,0.5,0.5,44,192,0.29742,0.40525,0.93963,77.8,0.8104,0.04437,True
exchange,tau0.5,fixed,0.5,0.5,44,336,0.49431,0.52671,0.94376,78.76,0.8204,0.04278,True
exchange,tau0.5,fixed,0.5,0.5,44,720,1.24999,0.86477,0.94346,78.73,0.8201,0.04276,True
exchange,tau1.0,fixed,1.0,1.0,42,24,0.1056,0.23458,0.82913,63.5,0.6614,0.12601,True
exchange,tau1.0,fixed,1.0,1.0,42,48,0.12917,0.26233,0.82945,63.5,0.6615,0.12576,True
exchange,tau1.0,fixed,1.0,1.0,42,96,0.18266,0.31411,0.82933,63.52,0.6617,0.12608,True
exchange,tau1.0,fixed,1.0,1.0,42,192,0.29397,0.4034,0.82885,63.19,0.6582,0.12439,True
exchange,tau1.0,fixed,1.0,1.0,42,336,0.48144,0.52083,0.83615,64.11,0.6678,0.12001,True
exchange,tau1.0,fixed,1.0,1.0,42,720,1.21661,0.85178,0.83528,64.12,0.6679,0.12073,True
exchange,tau1.0,fixed,1.0,1.0,43,24,0.10578,0.23726,0.96074,84.53,0.8806,0.03441,True
exchange,tau1.0,fixed,1.0,1.0,43,48,0.13018,0.26434,0.96109,84.58,0.8811,0.03425,True
exchange,tau1.0,fixed,1.0,1.0,43,96,0.18141,0.31316,0.96211,84.76,0.8829,0.03354,True
exchange,tau1.0,fixed,1.0,1.0,43,192,0.2954,0.4054,0.96366,85.01,0.8855,0.03251,True
exchange,tau1.0,fixed,1.0,1.0,43,336,0.48856,0.52345,0.96579,85.53,0.8909,0.03153,True
exchange,tau1.0,fixed,1.0,1.0,43,720,1.23952,0.86147,0.9657,85.53,0.8909,0.03175,True
exchange,tau1.0,fixed,1.0,1.0,44,24,0.10432,0.2364,0.97614,87.93,0.9159,0.02536,True
exchange,tau1.0,fixed,1.0,1.0,44,48,0.12915,0.26392,0.97636,87.99,0.9165,0.0253,True
exchange,tau1.0,fixed,1.0,1.0,44,96,0.1809,0.31247,0.97652,87.98,0.9165,0.0252,True
exchange,tau1.0,fixed,1.0,1.0,44,192,0.29648,0.40518,0.97719,88.15,0.9182,0.02478,True
exchange,tau1.0,fixed,1.0,1.0,44,336,0.49312,0.52622,0.97907,88.7,0.924,0.02401,True
exchange,tau1.0,fixed,1.0,1.0,44,720,1.2459,0.86387,0.97877,88.65,0.9234,0.02409,True
exchange,tau2.0,fixed,2.0,2.0,42,24,0.10557,0.23828,0.97957,89.5,0.9323,0.02357,True
exchange,tau2.0,fixed,2.0,2.0,42,48,0.13017,0.26556,0.97972,89.52,0.9325,0.0235,True
exchange,tau2.0,fixed,2.0,2.0,42,96,0.18189,0.31434,0.98008,89.6,0.9333,0.02328,True
exchange,tau2.0,fixed,2.0,2.0,42,192,0.29674,0.40625,0.98048,89.65,0.9339,0.02288,True
exchange,tau2.0,fixed,2.0,2.0,42,336,0.49139,0.52511,0.98208,90.1,0.9386,0.0221,True
exchange,tau2.0,fixed,2.0,2.0,42,720,1.24147,0.86243,0.98198,90.08,0.9383,0.02224,True
exchange,tau2.0,fixed,2.0,2.0,43,24,0.10465,0.23683,0.98327,90.62,0.944,0.02167,True
exchange,tau2.0,fixed,2.0,2.0,43,48,0.12874,0.26374,0.98355,90.68,0.9446,0.02155,True
exchange,tau2.0,fixed,2.0,2.0,43,96,0.17982,0.31261,0.98421,90.83,0.9462,0.02113,True
exchange,tau2.0,fixed,2.0,2.0,43,192,0.29383,0.40486,0.98502,91.0,0.9479,0.02061,True
exchange,tau2.0,fixed,2.0,2.0,43,336,0.48683,0.52276,0.98601,91.28,0.9508,0.02008,True
exchange,tau2.0,fixed,2.0,2.0,43,720,1.23398,0.85977,0.98583,91.24,0.9505,0.0203,True
exchange,tau2.0,fixed,2.0,2.0,44,24,0.1019,0.23447,0.98076,89.82,0.9357,0.02298,True
exchange,tau2.0,fixed,2.0,2.0,44,48,0.1268,0.26229,0.98101,89.89,0.9363,0.02285,True
exchange,tau2.0,fixed,2.0,2.0,44,96,0.17807,0.31065,0.98101,89.83,0.9357,0.02285,True
exchange,tau2.0,fixed,2.0,2.0,44,192,0.29162,0.40234,0.98152,89.95,0.937,0.02247,True
exchange,tau2.0,fixed,2.0,2.0,44,336,0.48475,0.52167,0.98328,90.45,0.9422,0.02168,True
exchange,tau2.0,fixed,2.0,2.0,44,720,1.23029,0.85755,0.98288,90.39,0.9415,0.02185,True
exchange,tau4.0,fixed,4.0,4.0,42,24,0.10512,0.23767,0.99287,93.42,0.9731,0.01591,True
exchange,tau4.0,fixed,4.0,4.0,42,48,0.12963,0.26495,0.99296,93.44,0.9734,0.01588,True
exchange,tau4.0,fixed,4.0,4.0,42,96,0.18135,0.31386,0.99311,93.49,0.9738,0.01579,True
exchange,tau4.0,fixed,4.0,4.0,42,192,0.29655,0.40618,0.99321,93.5,0.974,0.01568,True
exchange,tau4.0,fixed,4.0,4.0,42,336,0.4918,0.52552,0.99382,93.71,0.9761,0.01535,True
exchange,tau4.0,fixed,4.0,4.0,42,720,1.24226,0.86288,0.99381,93.7,0.9761,0.0154,True
exchange,tau4.0,fixed,4.0,4.0,43,24,0.10306,0.23518,0.99408,93.88,0.9779,0.01519,True
exchange,tau4.0,fixed,4.0,4.0,43,48,0.1271,0.26221,0.99422,93.92,0.9783,0.01514,True
exchange,tau4.0,fixed,4.0,4.0,43,96,0.17831,0.3114,0.99453,94.01,0.9792,0.01496,True
exchange,tau4.0,fixed,4.0,4.0,43,192,0.2928,0.40425,0.99486,94.1,0.9802,0.01476,True
exchange,tau4.0,fixed,4.0,4.0,43,336,0.48615,0.52258,0.99524,94.22,0.9815,0.01454,True
exchange,tau4.0,fixed,4.0,4.0,43,720,1.2322,0.85944,0.99518,94.2,0.9813,0.01462,True
exchange,tau4.0,fixed,4.0,4.0,44,24,0.10026,0.23298,0.99344,93.58,0.9748,0.01558,True
exchange,tau4.0,fixed,4.0,4.0,44,48,0.12466,0.26045,0.99358,93.63,0.9753,0.01552,True
exchange,tau4.0,fixed,4.0,4.0,44,96,0.1757,0.30922,0.99363,93.63,0.9753,0.01552,True
exchange,tau4.0,fixed,4.0,4.0,44,192,0.29005,0.40151,0.99379,93.67,0.9757,0.01539,True
exchange,tau4.0,fixed,4.0,4.0,44,336,0.48298,0.52041,0.9945,93.91,0.9782,0.01505,True
exchange,tau4.0,fixed,4.0,4.0,44,720,1.22487,0.85592,0.99422,93.83,0.9774,0.01515,True
exchange,learnable,learnable,1.0,0.7065,42,24,0.11941,0.24612,0.67957,46.35,0.4829,0.24669,True
exchange,learnable,learnable,1.0,0.7065,42,48,0.14425,0.27338,0.67949,46.33,0.4826,0.24695,True
exchange,learnable,learnable,1.0,0.7065,42,96,0.19811,0.32344,0.67917,46.38,0.4832,0.24736,True
exchange,learnable,learnable,1.0,0.7065,42,192,0.30526,0.40759,0.67839,46.05,0.4797,0.24468,True
exchange,learnable,learnable,1.0,0.7065,42,336,0.48737,0.52181,0.6844,46.71,0.4865,0.24296,True
exchange,learnable,learnable,1.0,0.7065,42,720,1.21136,0.84663,0.68586,46.83,0.4878,0.24248,True
exchange,learnable,learnable,1.0,0.9635,43,24,0.10584,0.23728,0.95886,84.06,0.8757,0.03547,True
exchange,learnable,learnable,1.0,0.9635,43,48,0.13026,0.26437,0.95921,84.11,0.8762,0.03531,True
exchange,learnable,learnable,1.0,0.9635,43,96,0.18151,0.31319,0.96025,84.28,0.8779,0.03458,True
exchange,learnable,learnable,1.0,0.9635,43,192,0.2955,0.40543,0.96185,84.53,0.8806,0.03351,True
exchange,learnable,learnable,1.0,0.9635,43,336,0.48868,0.5235,0.96407,85.07,0.8862,0.03249,True
exchange,learnable,learnable,1.0,0.9635,43,720,1.23987,0.86158,0.96398,85.07,0.8862,0.03271,True
exchange,learnable,learnable,1.0,0.9599,44,24,0.10429,0.23637,0.97459,87.47,0.9112,0.02619,True
exchange,learnable,learnable,1.0,0.9599,44,48,0.12914,0.26391,0.97481,87.53,0.9118,0.02612,True
exchange,learnable,learnable,1.0,0.9599,44,96,0.1809,0.31246,0.97498,87.53,0.9117,0.02602,True
exchange,learnable,learnable,1.0,0.9599,44,192,0.29648,0.40516,0.97569,87.7,0.9135,0.02557,True
exchange,learnable,learnable,1.0,0.9599,44,336,0.49314,0.52622,0.97768,88.28,0.9195,0.02476,True
exchange,learnable,learnable,1.0,0.9599,44,720,1.24597,0.86387,0.97737,88.22,0.919,0.02484,True
