dataset,temperature_mode,eval_horizon,mse_mean,mse_std,mae_mean,mae_std,tau_mean,relative_improvement_pct,H_norm_mean,N_eff_mean
ETTh1,fixed,24,0.8302200000000001,0.003735090360352747,0.6212933333333334,0.0058688442928172225,1.0,0.0,0.9699433333333333,86.84616666666666
ETTh1,fixed,48,0.8510166666666666,0.000740967835559228,0.6342466666666667,0.005575879601760856,1.0,0.0,0.9712333333333333,87.13956666666667
ETTh1,fixed,96,0.8778733333333334,0.003578901134892322,0.65258,0.004669518176428846,1.0,0.0,0.97166,87.1855
ETTh1,fixed,192,0.9247033333333333,0.006475278629783712,0.6756833333333333,0.0038816534277719044,1.0,0.0,0.9717833333333333,87.17439999999999
ETTh1,fixed,336,0.95266,0.00774495965128295,0.6907800000000001,0.0033507461855533274,1.0,0.0,0.9720366666666665,87.20656666666666
ETTh1,fixed,720,1.0943866666666666,0.010276460155780036,0.7595200000000001,0.002172487054046589,1.0,0.0,0.9719233333333334,87.16833333333334
ETTh1,learned_global,24,0.8313799999999999,0.0059250063291105305,0.6249866666666667,0.002587476247878123,0.7285333333333334,-0.14,0.9581466666666666,83.64036666666667
ETTh1,learned_global,48,0.8505033333333333,0.005651055948522641,0.6373433333333334,0.002961508624558332,0.7285333333333334,0.06,0.9597333333333333,83.98233333333333
ETTh1,learned_global,96,0.8768266666666666,0.00579339566518061,0.6553966666666667,0.0025706484266296075,0.7285333333333334,0.12,0.9602666666666666,84.02746666666667
ETTh1,learned_global,192,0.9226033333333333,0.004963560549981582,0.6782866666666667,0.0024150017253271976,0.7285333333333334,0.23,0.96057,84.05016666666667
ETTh1,learned_global,336,0.9522166666666667,0.007568238456426584,0.6937066666666666,0.001966172254237431,0.7285333333333334,0.05,0.9608833333333333,84.08566666666667
ETTh1,learned_global,720,1.09163,0.007100753481145521,0.7611066666666666,0.0013639770281545542,0.7285333333333334,0.25,0.9607600000000001,84.03953333333334
ETTh1,query_conditioned,24,0.84435,0.009575922932020756,0.6255000000000001,0.0035047539143283554,0.26063333333333333,-1.7,0.8831133333333333,65.06453333333333
ETTh1,query_conditioned,48,0.8653066666666667,0.006838715766379919,0.6382833333333333,0.003308509231260158,0.2604,-1.68,0.8850133333333333,65.41106666666667
ETTh1,query_conditioned,96,0.89426,0.0026733686614456784,0.6575466666666667,0.0025858525351097465,0.26026666666666665,-1.87,0.8846766666666667,65.2327
ETTh1,query_conditioned,192,0.9404366666666667,0.0031597837478746942,0.6801833333333334,0.0022264396091817486,0.26063333333333333,-1.7,0.8872033333333333,65.60106666666667
ETTh1,query_conditioned,336,0.9707466666666665,0.005776697441733759,0.69595,0.0017947701802738145,0.2611,-1.9,0.8874466666666666,65.59846666666667
ETTh1,query_conditioned,720,1.1116833333333334,0.003395943658739488,0.76526,0.003126915412990899,0.26206666666666667,-1.58,0.8874733333333333,65.6014
ETTh1,temporal_context,24,0.8513700000000001,0.004225292889256265,0.6282666666666666,0.007182550614742204,0.2091666666666667,-2.55,0.8602433333333334,60.23759999999999
ETTh1,temporal_context,48,0.8701699999999999,0.005366153184544806,0.6405033333333333,0.007490756526101519,0.2094,-2.25,0.8623233333333333,60.53876666666667
ETTh1,temporal_context,96,0.8959566666666667,0.006945000599952009,0.6590066666666666,0.0072165388749270264,0.21009999999999998,-2.06,0.8638666666666667,60.65636666666666
ETTh1,temporal_context,192,0.9403533333333334,0.006823176190992927,0.6807166666666666,0.006131169002183323,0.21130000000000002,-1.69,0.8680233333333334,61.31856666666666
ETTh1,temporal_context,336,0.9683800000000001,0.010895260437456311,0.6957999999999999,0.005122196794345195,0.21309999999999998,-1.65,0.8688699999999999,61.47993333333333
ETTh1,temporal_context,720,1.1100833333333333,0.009531507400895933,0.7650833333333334,0.00525948983584277,0.21473333333333333,-1.43,0.8687766666666666,61.4769
ETTh2,fixed,24,0.22679333333333332,0.0007561305002004218,0.33046333333333333,0.0018680827961665286,1.0,0.0,0.9810866666666667,89.6055
ETTh2,fixed,48,0.24747,0.0015954936540143376,0.34442,0.002072462303637877,1.0,0.0,0.9818966666666666,89.82426666666667
ETTh2,fixed,96,0.27840333333333334,0.002685411203769972,0.36328000000000005,0.002245951913999926,1.0,0.0,0.9825933333333333,89.99073333333332
ETTh2,fixed,192,0.31048333333333333,0.004289479377888791,0.38328333333333336,0.002612553029764788,1.0,0.0,0.98246,89.9305
ETTh2,fixed,336,0.34224666666666664,0.0065169727123361,0.39982999999999996,0.003502527658705939,1.0,0.0,0.9827400000000001,89.99363333333334
ETTh2,fixed,720,0.41037999999999997,0.009151923295133094,0.43754333333333334,0.004799920138224544,1.0,0.0,0.9828133333333332,89.99846666666667
ETTh2,learned_global,24,0.22700333333333333,0.0007366365001364788,0.3305366666666667,0.0018207782218967196,0.9562333333333334,-0.09,0.9797633333333332,89.20266666666667
ETTh2,learned_global,48,0.24770666666666666,0.0015678116383460422,0.34452666666666665,0.002033846929671296,0.9562333333333334,-0.1,0.9806166666666667,89.42966666666666
ETTh2,learned_global,96,0.2786633333333333,0.0026623736276738873,0.36340666666666666,0.0022099170421835453,0.9562333333333334,-0.09,0.9813433333333333,89.60173333333334
ETTh2,learned_global,192,0.31072,0.004250317635189178,0.38338,0.0025749563103090035,0.9562333333333334,-0.08,0.9812233333333333,89.54363333333333
ETTh2,learned_global,336,0.3424433333333334,0.006459507205146036,0.3998966666666666,0.003450280181859623,0.9562333333333334,-0.06,0.9815166666666667,89.60903333333333
ETTh2,learned_global,720,0.4104833333333333,0.009046293900450801,0.43759,0.00474361676360979,0.9562333333333334,-0.03,0.9815933333333332,89.61256666666667
ETTh2,query_conditioned,24,0.2279766666666667,0.005792187266770074,0.3280433333333333,0.0013984396066092043,0.9041333333333332,-0.52,0.9776366666666666,88.58193333333332
ETTh2,query_conditioned,48,0.24816000000000002,0.004901805789706492,0.3420433333333333,0.0013501975164150538,0.9041333333333332,-0.28,0.97856,88.8217
ETTh2,query_conditioned,96,0.2785433333333333,0.004364130306639988,0.36118000000000006,0.0013318032887780242,0.9041333333333332,-0.05,0.97934,89.00016666666666
ETTh2,query_conditioned,192,0.3075833333333333,0.0026858207932275243,0.3802033333333334,0.0007691770494062824,0.9041,0.93,0.97925,88.94813333333333
ETTh2,query_conditioned,336,0.33479333333333333,0.001905002187225335,0.39474000000000004,0.001526302722267163,0.9041,2.18,0.9795733333333333,89.01756666666665
ETTh2,query_conditioned,720,0.3975666666666666,0.004916872312083481,0.4300733333333333,0.0032212782142083383,0.9041,3.12,0.9796466666666667,89.01896666666666
ETTh2,temporal_context,24,0.22798666666666667,0.005790805931244233,0.32805,0.0014029967925836466,0.9013,-0.53,0.9775466666666667,88.55526666666667
ETTh2,temporal_context,48,0.24817,0.004899683663258271,0.34204999999999997,0.0013497036711812016,0.9013,-0.28,0.9784733333333334,88.7949
ETTh2,temporal_context,96,0.2785566666666666,0.0043668791296912705,0.3611866666666667,0.0013315154273734193,0.9013,-0.06,0.9792533333333333,88.97266666666667
ETTh2,temporal_context,192,0.3076033333333333,0.002690619507350193,0.38021666666666665,0.0007711247197006034,0.9013,0.93,0.9791633333333333,88.9218
ETTh2,temporal_context,336,0.3348066666666667,0.001893576862272371,0.39475333333333334,0.0015215890816292412,0.9013333333333332,2.17,0.9794900000000001,88.99220000000001
ETTh2,temporal_context,720,0.39758333333333334,0.00490703916158546,0.4300833333333333,0.0032113911834800537,0.9013666666666666,3.12,0.9795633333333335,88.99303333333334
ETTm1,fixed,24,0.6716000000000001,0.01121664388308733,0.55012,0.004985268297694742,1.0,0.0,0.9655866666666667,85.75439999999999
ETTm1,fixed,48,0.7162799999999999,0.00717605044575357,0.5710099999999999,0.001137673063757772,1.0,0.0,0.9654233333333333,85.6786
ETTm1,fixed,96,0.8815266666666667,0.02090286423754731,0.6269233333333334,0.005060645545119038,1.0,0.0,0.9662166666666666,85.77550000000001
ETTm1,fixed,192,0.9284500000000001,0.01940915248020893,0.6476999999999999,0.00483004140769008,1.0,0.0,0.9669233333333334,85.9371
ETTm1,fixed,336,0.9626333333333333,0.01665809212765174,0.6663333333333333,0.0039400042301161575,1.0,0.0,0.9674766666666667,86.0416
ETTm1,fixed,720,1.0300433333333334,0.019621356562004883,0.7026733333333333,0.004993919636250999,1.0,0.0,0.96823,86.21453333333334
ETTm1,learned_global,24,0.6653600000000001,0.015130803019007313,0.5450266666666667,0.0057233236264720684,0.41713333333333336,0.93,0.94597,79.95836666666666
ETTm1,learned_global,48,0.7170933333333332,0.0085478788791918,0.5672833333333333,0.0049229902836927224,0.41713333333333336,-0.11,0.94595,79.90383333333334
ETTm1,learned_global,96,0.9007533333333333,0.013715164356774385,0.6282733333333334,0.005554856733826104,0.41713333333333336,-2.18,0.9468433333333334,79.99163333333333
ETTm1,learned_global,192,0.94875,0.016955939962148964,0.6498766666666667,0.006388226149200825,0.41713333333333336,-2.19,0.94773,80.1887
ETTm1,learned_global,336,0.9827533333333333,0.018136968691965405,0.6683933333333334,0.006514309889261776,0.41713333333333336,-2.09,0.9483800000000001,80.29950000000001
ETTm1,learned_global,720,1.05115,0.01769220449802692,0.7051033333333333,0.006838467177177442,0.41713333333333336,-2.05,0.9494666666666666,80.5407
ETTm1,query_conditioned,24,0.6655933333333334,0.02978395597185389,0.5451366666666666,0.009382911772649931,0.18173333333333333,0.89,0.9010766666666666,67.2271
ETTm1,query_conditioned,48,0.7218833333333333,0.015634526962250324,0.57095,0.00551521531764629,0.1788,-0.78,0.9000666666666666,66.9572
ETTm1,query_conditioned,96,0.9092266666666666,0.039170652704969465,0.63289,0.01515588004703124,0.18159999999999998,-3.14,0.90223,67.3166
ETTm1,query_conditioned,192,0.9621766666666667,0.04905954477299333,0.65544,0.018119878586789692,0.18123333333333336,-3.63,0.9030633333333333,67.49586666666666
ETTm1,query_conditioned,336,1.0057099999999999,0.06072593432792938,0.6754666666666665,0.020558439467365533,0.18033333333333335,-4.47,0.90292,67.4349
ETTm1,query_conditioned,720,1.0741133333333333,0.06123137294992937,0.7120633333333334,0.021439716260560265,0.18000000000000002,-4.28,0.90402,67.61573333333334
ETTm1,temporal_context,24,0.6634099999999999,0.007417304092458428,0.5425866666666667,0.004048015974935534,0.17379999999999998,1.22,0.90097,67.44656666666667
ETTm1,temporal_context,48,0.7196266666666666,0.016066332292509505,0.5679933333333334,0.0056262450473946865,0.1738333333333333,-0.47,0.9014366666666667,67.39496666666666
ETTm1,temporal_context,96,0.8941733333333334,0.018501376525365175,0.6276066666666668,0.006783379197224181,0.17386666666666664,-1.43,0.9029400000000001,67.54923333333333
ETTm1,temporal_context,192,0.9422233333333333,0.025131196416671726,0.64894,0.008670386381240444,0.17396666666666669,-1.48,0.9038066666666666,67.73049999999999
ETTm1,temporal_context,336,0.9781533333333333,0.03512467129146316,0.6673366666666666,0.010656154716094024,0.17426666666666668,-1.61,0.9041033333333334,67.75446666666666
ETTm1,temporal_context,720,1.0421099999999999,0.03276560849427328,0.7027933333333333,0.010849190445988756,0.17516666666666666,-1.17,0.90607,68.15173333333333
exchange,fixed,24,0.10281,0.003033858928823158,0.23601666666666668,0.003215467824956938,1.0,0.0,0.9655666666666667,85.51703333333334
exchange,fixed,48,0.12738000000000002,0.0030736948449707957,0.2634433333333333,0.0029891860653584916,1.0,0.0,0.9657966666666667,85.55723333333333
exchange,fixed,96,0.17881666666666665,0.003420589617790105,0.31228666666666666,0.0028758708825907388,1.0,0.0,0.9670566666666667,85.82486666666667
exchange,fixed,192,0.29334,0.003397307757622212,0.40429000000000004,0.0023044305153334882,1.0,0.0,0.9671366666666668,85.74239999999999
exchange,fixed,336,0.4868166666666667,0.004299678282538527,0.5231066666666667,0.0022404091888165397,1.0,0.0,0.9697100000000001,86.4209
exchange,fixed,720,1.2320266666666668,0.008379793155760693,0.8594133333333334,0.003116188911688984,1.0,0.0,0.9695900000000001,86.40396666666668
exchange,learned_global,24,0.10282000000000001,0.003048622639816208,0.23601666666666668,0.0032418256173541156,0.9731333333333333,-0.01,0.9642966666666667,85.17923333333333
exchange,learned_global,48,0.12739999999999999,0.003075369896451491,0.2634533333333333,0.0030014218852626156,0.9731333333333333,-0.02,0.9645333333333334,85.21876666666667
exchange,learned_global,96,0.17884,0.0034183036728763715,0.3122933333333333,0.0028832157972190214,0.9731333333333333,-0.01,0.9658199999999999,85.4892
exchange,learned_global,192,0.29335333333333335,0.003395030682237398,0.40428333333333333,0.0023163836757612664,0.9731333333333333,-0.0,0.9659,85.40393333333334
exchange,learned_global,336,0.4868333333333334,0.004290038849862934,0.5231133333333333,0.002242773580487612,0.9731333333333333,-0.0,0.9685633333333333,86.0997
exchange,learned_global,720,1.2320833333333334,0.00835246869693829,0.8594233333333333,0.0031146481877306433,0.9731333333333333,-0.0,0.9684366666666667,86.08303333333333
exchange,query_conditioned,24,0.10287333333333333,0.0023195329989748686,0.23595333333333332,0.0018996403168319192,0.9628,-0.06,0.9662799999999999,85.69306666666667
exchange,query_conditioned,48,0.12733333333333333,0.0024152087556427253,0.26327666666666666,0.0017978134868036847,0.9628,0.04,0.9665133333333333,85.73596666666667
exchange,query_conditioned,96,0.17874,0.002655654344977901,0.31207,0.0014809794056637087,0.9628,0.04,0.9678366666666666,86.02393333333333
exchange,query_conditioned,192,0.29305333333333333,0.002854913892455141,0.4039566666666667,0.001510110371242205,0.9628333333333333,0.1,0.9678466666666666,85.92726666666665
exchange,query_conditioned,336,0.48612000000000005,0.004879989754087604,0.5226466666666667,0.002653682975287972,0.9628333333333333,0.14,0.9702999999999999,86.5742
exchange,query_conditioned,720,1.2309966666666667,0.01075557684800466,0.85916,0.004050271595831554,0.9629,0.08,0.9702099999999999,86.55586666666666
exchange,temporal_context,24,0.10287333333333333,0.0023195329989748686,0.23595333333333332,0.001900456085610337,0.9621666666666666,-0.06,0.9662466666666667,85.68503333333332
exchange,temporal_context,48,0.12733333333333333,0.0024152087556427253,0.26327666666666666,0.0017978134868036847,0.9621666666666666,0.04,0.9664800000000001,85.72813333333333
exchange,temporal_context,96,0.17874,0.002655654344977901,0.31207,0.0014809794056637087,0.9621666666666666,0.04,0.9678033333333333,86.01606666666667
exchange,temporal_context,192,0.29305333333333333,0.002854913892455141,0.4039566666666667,0.001510110371242205,0.9621666666666666,0.1,0.9678166666666667,85.91879999999999
exchange,temporal_context,336,0.4861233333333333,0.004884161476992064,0.5226466666666667,0.002653682975287972,0.9621666666666666,0.14,0.9702666666666667,86.56543333333333
exchange,temporal_context,720,1.2309966666666667,0.01075557684800466,0.8591633333333334,0.00405208999571002,0.9622,0.08,0.97018,86.54703333333333
