dataset,seed,model_name,temperature_mode,eval_horizon,H_norm,N_eff,max_attention,mean_tau,std_tau,min_tau,max_tau
ETTh1,42,TCD2Vformer_fixed,fixed,24,0.97287,87.6007,0.0245,1.0,0.0,1.0,1.0
ETTh1,42,TCD2Vformer_fixed,fixed,48,0.9744,87.9697,0.02387,1.0,0.0,1.0,1.0
ETTh1,42,TCD2Vformer_fixed,fixed,96,0.97495,88.0463,0.0237,1.0,0.0,1.0,1.0
ETTh1,42,TCD2Vformer_fixed,fixed,192,0.97494,88.0126,0.02343,1.0,0.0,1.0,1.0
ETTh1,42,TCD2Vformer_fixed,fixed,336,0.97512,88.0341,0.02334,1.0,0.0,1.0,1.0
ETTh1,42,TCD2Vformer_fixed,fixed,720,0.97532,88.0761,0.02328,1.0,0.0,1.0,1.0
ETTh1,43,TCD2Vformer_fixed,fixed,24,0.97723,88.5937,0.0223,1.0,0.0,1.0,1.0
ETTh1,43,TCD2Vformer_fixed,fixed,48,0.97811,88.799,0.02202,1.0,0.0,1.0,1.0
ETTh1,43,TCD2Vformer_fixed,fixed,96,0.97865,88.8906,0.02184,1.0,0.0,1.0,1.0
ETTh1,43,TCD2Vformer_fixed,fixed,192,0.97866,88.8611,0.02154,1.0,0.0,1.0,1.0
ETTh1,43,TCD2Vformer_fixed,fixed,336,0.97902,88.9296,0.02138,1.0,0.0,1.0,1.0
ETTh1,43,TCD2Vformer_fixed,fixed,720,0.97878,88.8558,0.02151,1.0,0.0,1.0,1.0
ETTh1,44,TCD2Vformer_fixed,fixed,24,0.95973,84.3441,0.03062,1.0,0.0,1.0,1.0
ETTh1,44,TCD2Vformer_fixed,fixed,48,0.96119,84.65,0.03007,1.0,0.0,1.0,1.0
ETTh1,44,TCD2Vformer_fixed,fixed,96,0.96138,84.6196,0.03008,1.0,0.0,1.0,1.0
ETTh1,44,TCD2Vformer_fixed,fixed,192,0.96175,84.6495,0.02956,1.0,0.0,1.0,1.0
ETTh1,44,TCD2Vformer_fixed,fixed,336,0.96197,84.656,0.02943,1.0,0.0,1.0,1.0
ETTh1,44,TCD2Vformer_fixed,fixed,720,0.96167,84.5731,0.02958,1.0,0.0,1.0,1.0
ETTh1,42,TCD2Vformer_learned_global,learned_global,24,0.95999,84.0153,0.02999,0.6929,0.0,0.6929,0.6929
ETTh1,42,TCD2Vformer_learned_global,learned_global,48,0.96197,84.4627,0.0292,0.6929,0.0,0.6929,0.6929
ETTh1,42,TCD2Vformer_learned_global,learned_global,96,0.96262,84.5245,0.02899,0.6929,0.0,0.6929,0.6929
ETTh1,42,TCD2Vformer_learned_global,learned_global,192,0.96277,84.5206,0.02857,0.6929,0.0,0.6929,0.6929
ETTh1,42,TCD2Vformer_learned_global,learned_global,336,0.96298,84.5362,0.02847,0.6929,0.0,0.6929,0.6929
ETTh1,42,TCD2Vformer_learned_global,learned_global,720,0.96316,84.5601,0.02841,0.6929,0.0,0.6929,0.6929
ETTh1,43,TCD2Vformer_learned_global,learned_global,24,0.96939,86.2684,0.02554,0.7678,0.0,0.7678,0.7678
ETTh1,43,TCD2Vformer_learned_global,learned_global,48,0.97045,86.505,0.02521,0.7678,0.0,0.7678,0.7678
ETTh1,43,TCD2Vformer_learned_global,learned_global,96,0.97115,86.6135,0.02497,0.7678,0.0,0.7678,0.7678
ETTh1,43,TCD2Vformer_learned_global,learned_global,192,0.97124,86.601,0.02457,0.7678,0.0,0.7678,0.7678
ETTh1,43,TCD2Vformer_learned_global,learned_global,336,0.97167,86.6764,0.02437,0.7678,0.0,0.7678,0.7678
ETTh1,43,TCD2Vformer_learned_global,learned_global,720,0.97141,86.5962,0.02451,0.7678,0.0,0.7678,0.7678
ETTh1,44,TCD2Vformer_learned_global,learned_global,24,0.94506,80.6374,0.03701,0.7249,0.0,0.7249,0.7249
ETTh1,44,TCD2Vformer_learned_global,learned_global,48,0.94678,80.9793,0.03637,0.7249,0.0,0.7249,0.7249
ETTh1,44,TCD2Vformer_learned_global,learned_global,96,0.94703,80.9444,0.03637,0.7249,0.0,0.7249,0.7249
ETTh1,44,TCD2Vformer_learned_global,learned_global,192,0.9477,81.0289,0.03566,0.7249,0.0,0.7249,0.7249
ETTh1,44,TCD2Vformer_learned_global,learned_global,336,0.948,81.0444,0.03549,0.7249,0.0,0.7249,0.7249
ETTh1,44,TCD2Vformer_learned_global,learned_global,720,0.94771,80.9623,0.03564,0.7249,0.0,0.7249,0.7249
ETTh1,42,TCD2Vformer_temporal_context,temporal_context,24,0.85668,58.83,0.06937,0.1816,0.027,0.1337,0.327
ETTh1,42,TCD2Vformer_temporal_context,temporal_context,48,0.85967,59.2602,0.06801,0.1818,0.027,0.1337,0.327
ETTh1,42,TCD2Vformer_temporal_context,temporal_context,96,0.86143,59.376,0.06703,0.1824,0.0267,0.1397,0.327
ETTh1,42,TCD2Vformer_temporal_context,temporal_context,192,0.86538,60.0253,0.06478,0.1835,0.0264,0.1402,0.327
ETTh1,42,TCD2Vformer_temporal_context,temporal_context,336,0.86578,60.1203,0.06459,0.1849,0.026,0.142,0.327
ETTh1,42,TCD2Vformer_temporal_context,temporal_context,720,0.86608,60.1704,0.06434,0.1865,0.0271,0.142,0.327
ETTh1,43,TCD2Vformer_temporal_context,temporal_context,24,0.88956,65.9336,0.05647,0.2461,0.0316,0.1822,0.3884
ETTh1,43,TCD2Vformer_temporal_context,temporal_context,48,0.89099,66.1429,0.05601,0.2464,0.0315,0.1852,0.3884
ETTh1,43,TCD2Vformer_temporal_context,temporal_context,96,0.89293,66.3407,0.05501,0.2472,0.031,0.1852,0.3884
ETTh1,43,TCD2Vformer_temporal_context,temporal_context,192,0.89605,66.9082,0.0531,0.2485,0.0305,0.1852,0.3884
ETTh1,43,TCD2Vformer_temporal_context,temporal_context,336,0.89694,67.0683,0.05259,0.2505,0.0297,0.1865,0.3884
ETTh1,43,TCD2Vformer_temporal_context,temporal_context,720,0.89667,67.0153,0.05265,0.2522,0.0309,0.1865,0.3884
ETTh1,44,TCD2Vformer_temporal_context,temporal_context,24,0.83449,55.9492,0.08225,0.1998,0.0295,0.1439,0.3245
ETTh1,44,TCD2Vformer_temporal_context,temporal_context,48,0.83631,56.2132,0.08162,0.2,0.0295,0.1439,0.3245
ETTh1,44,TCD2Vformer_temporal_context,temporal_context,96,0.83724,56.2524,0.08124,0.2007,0.0291,0.1466,0.3245
ETTh1,44,TCD2Vformer_temporal_context,temporal_context,192,0.84264,57.0222,0.07828,0.2019,0.0287,0.1466,0.3245
ETTh1,44,TCD2Vformer_temporal_context,temporal_context,336,0.84389,57.2512,0.07774,0.2039,0.0278,0.1512,0.3245
ETTh1,44,TCD2Vformer_temporal_context,temporal_context,720,0.84358,57.245,0.07773,0.2055,0.0286,0.1512,0.3245
ETTh1,42,TCD2Vformer_query_conditioned,query_conditioned,24,0.87833,62.8466,0.0607,0.2128,0.0453,0.1257,0.5666
ETTh1,42,TCD2Vformer_query_conditioned,query_conditioned,48,0.88077,63.2983,0.05958,0.2125,0.0448,0.1257,0.6067
ETTh1,42,TCD2Vformer_query_conditioned,query_conditioned,96,0.88066,63.105,0.05959,0.2123,0.0443,0.1231,0.6067
ETTh1,42,TCD2Vformer_query_conditioned,query_conditioned,192,0.88372,63.5691,0.05781,0.2128,0.0445,0.1247,0.6694
ETTh1,42,TCD2Vformer_query_conditioned,query_conditioned,336,0.88373,63.5299,0.05785,0.2133,0.0438,0.1253,0.6694
ETTh1,42,TCD2Vformer_query_conditioned,query_conditioned,720,0.88433,63.6502,0.05758,0.2147,0.0439,0.1269,0.6694
ETTh1,43,TCD2Vformer_query_conditioned,query_conditioned,24,0.9288,75.0937,0.04134,0.3598,0.026,0.2755,0.5171
ETTh1,43,TCD2Vformer_query_conditioned,query_conditioned,48,0.93028,75.3682,0.04088,0.3597,0.026,0.2755,0.5171
ETTh1,43,TCD2Vformer_query_conditioned,query_conditioned,96,0.93113,75.4181,0.04049,0.3599,0.0257,0.2755,0.5171
ETTh1,43,TCD2Vformer_query_conditioned,query_conditioned,192,0.93238,75.6315,0.03945,0.3603,0.0256,0.2755,0.5171
ETTh1,43,TCD2Vformer_query_conditioned,query_conditioned,336,0.93304,75.712,0.03913,0.3606,0.0257,0.2613,0.5329
ETTh1,43,TCD2Vformer_query_conditioned,query_conditioned,720,0.93258,75.5983,0.03936,0.3609,0.0258,0.2613,0.5329
ETTh1,44,TCD2Vformer_query_conditioned,query_conditioned,24,0.84221,57.2533,0.07967,0.2093,0.0326,0.1371,0.4524
ETTh1,44,TCD2Vformer_query_conditioned,query_conditioned,48,0.84399,57.5667,0.07895,0.209,0.0324,0.1371,0.4524
ETTh1,44,TCD2Vformer_query_conditioned,query_conditioned,96,0.84224,57.175,0.08006,0.2086,0.0319,0.1371,0.4524
ETTh1,44,TCD2Vformer_query_conditioned,query_conditioned,192,0.84551,57.6026,0.07822,0.2088,0.032,0.136,0.4524
ETTh1,44,TCD2Vformer_query_conditioned,query_conditioned,336,0.84557,57.5535,0.07819,0.2094,0.0322,0.1347,0.5146
ETTh1,44,TCD2Vformer_query_conditioned,query_conditioned,720,0.84551,57.5557,0.07817,0.2106,0.0322,0.1349,0.5146
ETTh2,42,TCD2Vformer_fixed,fixed,24,0.9833,90.2148,0.01971,1.0,0.0,1.0,1.0
ETTh2,42,TCD2Vformer_fixed,fixed,48,0.98391,90.3984,0.01956,1.0,0.0,1.0,1.0
ETTh2,42,TCD2Vformer_fixed,fixed,96,0.98447,90.5451,0.01938,1.0,0.0,1.0,1.0
ETTh2,42,TCD2Vformer_fixed,fixed,192,0.98432,90.487,0.01918,1.0,0.0,1.0,1.0
ETTh2,42,TCD2Vformer_fixed,fixed,336,0.98454,90.5366,0.01908,1.0,0.0,1.0,1.0
ETTh2,42,TCD2Vformer_fixed,fixed,720,0.98473,90.5769,0.019,1.0,0.0,1.0,1.0
ETTh2,43,TCD2Vformer_fixed,fixed,24,0.98507,90.6487,0.01886,1.0,0.0,1.0,1.0
ETTh2,43,TCD2Vformer_fixed,fixed,48,0.98582,90.8698,0.01864,1.0,0.0,1.0,1.0
ETTh2,43,TCD2Vformer_fixed,fixed,96,0.98626,90.9872,0.01851,1.0,0.0,1.0,1.0
ETTh2,43,TCD2Vformer_fixed,fixed,192,0.98609,90.9162,0.01832,1.0,0.0,1.0,1.0
ETTh2,43,TCD2Vformer_fixed,fixed,336,0.98625,90.9563,0.01824,1.0,0.0,1.0,1.0
ETTh2,43,TCD2Vformer_fixed,fixed,720,0.98608,90.9,0.01833,1.0,0.0,1.0,1.0
ETTh2,44,TCD2Vformer_fixed,fixed,24,0.97489,87.953,0.02343,1.0,0.0,1.0,1.0
ETTh2,44,TCD2Vformer_fixed,fixed,48,0.97596,88.2046,0.02308,1.0,0.0,1.0,1.0
ETTh2,44,TCD2Vformer_fixed,fixed,96,0.97705,88.4399,0.02263,1.0,0.0,1.0,1.0
ETTh2,44,TCD2Vformer_fixed,fixed,192,0.97697,88.3883,0.02233,1.0,0.0,1.0,1.0
ETTh2,44,TCD2Vformer_fixed,fixed,336,0.97743,88.488,0.02209,1.0,0.0,1.0,1.0
ETTh2,44,TCD2Vformer_fixed,fixed,720,0.97763,88.5185,0.02199,1.0,0.0,1.0,1.0
ETTh2,42,TCD2Vformer_learned_global,learned_global,24,0.98213,89.8473,0.02021,0.9569,0.0,0.9569,0.9569
ETTh2,42,TCD2Vformer_learned_global,learned_global,48,0.98278,90.0392,0.02005,0.9569,0.0,0.9569,0.9569
ETTh2,42,TCD2Vformer_learned_global,learned_global,96,0.98336,90.1916,0.01986,0.9569,0.0,0.9569,0.9569
ETTh2,42,TCD2Vformer_learned_global,learned_global,192,0.98323,90.1349,0.01964,0.9569,0.0,0.9569,0.9569
ETTh2,42,TCD2Vformer_learned_global,learned_global,336,0.98345,90.1864,0.01954,0.9569,0.0,0.9569,0.9569
ETTh2,42,TCD2Vformer_learned_global,learned_global,720,0.98365,90.2269,0.01945,0.9569,0.0,0.9569,0.9569
ETTh2,43,TCD2Vformer_learned_global,learned_global,24,0.98389,90.2664,0.01935,0.9546,0.0,0.9546,0.9546
ETTh2,43,TCD2Vformer_learned_global,learned_global,48,0.98469,90.4976,0.01911,0.9546,0.0,0.9546,0.9546
ETTh2,43,TCD2Vformer_learned_global,learned_global,96,0.98515,90.6208,0.01898,0.9546,0.0,0.9546,0.9546
ETTh2,43,TCD2Vformer_learned_global,learned_global,192,0.98499,90.5503,0.01877,0.9546,0.0,0.9546,0.9546
ETTh2,43,TCD2Vformer_learned_global,learned_global,336,0.98516,90.5923,0.01869,0.9546,0.0,0.9546,0.9546
ETTh2,43,TCD2Vformer_learned_global,learned_global,720,0.98498,90.5324,0.01879,0.9546,0.0,0.9546,0.9546
ETTh2,44,TCD2Vformer_learned_global,learned_global,24,0.97327,87.4943,0.02412,0.9572,0.0,0.9572,0.9572
ETTh2,44,TCD2Vformer_learned_global,learned_global,48,0.97438,87.7522,0.02376,0.9572,0.0,0.9572,0.9572
ETTh2,44,TCD2Vformer_learned_global,learned_global,96,0.97552,87.9928,0.02329,0.9572,0.0,0.9572,0.9572
ETTh2,44,TCD2Vformer_learned_global,learned_global,192,0.97545,87.9457,0.02296,0.9572,0.0,0.9572,0.9572
ETTh2,44,TCD2Vformer_learned_global,learned_global,336,0.97594,88.0484,0.02272,0.9572,0.0,0.9572,0.9572
ETTh2,44,TCD2Vformer_learned_global,learned_global,720,0.97615,88.0784,0.02262,0.9572,0.0,0.9572,0.9572
ETTh2,42,TCD2Vformer_temporal_context,temporal_context,24,0.98147,89.636,0.02048,0.9289,0.0011,0.9232,0.9351
ETTh2,42,TCD2Vformer_temporal_context,temporal_context,48,0.98214,89.8317,0.02031,0.9289,0.0011,0.9232,0.9351
ETTh2,42,TCD2Vformer_temporal_context,temporal_context,96,0.98275,89.9885,0.02012,0.9289,0.0011,0.9232,0.9351
ETTh2,42,TCD2Vformer_temporal_context,temporal_context,192,0.98262,89.9338,0.01989,0.9289,0.0012,0.9232,0.9351
ETTh2,42,TCD2Vformer_temporal_context,temporal_context,336,0.98285,89.9863,0.01978,0.9289,0.0012,0.9232,0.9351
ETTh2,42,TCD2Vformer_temporal_context,temporal_context,720,0.98304,90.023,0.0197,0.9289,0.0012,0.9232,0.9351
ETTh2,43,TCD2Vformer_temporal_context,temporal_context,24,0.981,89.3846,0.02056,0.8816,0.0025,0.8692,0.8935
ETTh2,43,TCD2Vformer_temporal_context,temporal_context,48,0.9819,89.6365,0.0203,0.8816,0.0025,0.8692,0.8935
ETTh2,43,TCD2Vformer_temporal_context,temporal_context,96,0.98242,89.7672,0.02016,0.8816,0.0026,0.8692,0.8935
ETTh2,43,TCD2Vformer_temporal_context,temporal_context,192,0.98229,89.7045,0.01991,0.8816,0.0026,0.8692,0.8935
ETTh2,43,TCD2Vformer_temporal_context,temporal_context,336,0.9825,89.7532,0.01981,0.8817,0.0026,0.8692,0.8935
ETTh2,43,TCD2Vformer_temporal_context,temporal_context,720,0.98229,89.6858,0.01992,0.8818,0.0026,0.8692,0.8935
ETTh2,44,TCD2Vformer_temporal_context,temporal_context,24,0.97017,86.6452,0.02545,0.8934,0.002,0.8801,0.9052
ETTh2,44,TCD2Vformer_temporal_context,temporal_context,48,0.97138,86.9165,0.02505,0.8934,0.002,0.8801,0.9052
ETTh2,44,TCD2Vformer_temporal_context,temporal_context,96,0.97259,87.1623,0.02456,0.8934,0.002,0.8801,0.9052
ETTh2,44,TCD2Vformer_temporal_context,temporal_context,192,0.97258,87.1271,0.02418,0.8934,0.0021,0.8801,0.9052
ETTh2,44,TCD2Vformer_temporal_context,temporal_context,336,0.97312,87.2371,0.0239,0.8934,0.0021,0.8801,0.9052
ETTh2,44,TCD2Vformer_temporal_context,temporal_context,720,0.97336,87.2703,0.02378,0.8934,0.0022,0.8801,0.9052
ETTh2,42,TCD2Vformer_query_conditioned,query_conditioned,24,0.98149,89.6432,0.02047,0.9299,0.0011,0.9234,0.937
ETTh2,42,TCD2Vformer_query_conditioned,query_conditioned,48,0.98216,89.839,0.0203,0.9299,0.0011,0.9234,0.9371
ETTh2,42,TCD2Vformer_query_conditioned,query_conditioned,96,0.98277,89.9963,0.02011,0.9299,0.0011,0.9229,0.9371
ETTh2,42,TCD2Vformer_query_conditioned,query_conditioned,192,0.98264,89.9416,0.01988,0.9299,0.0011,0.9229,0.9376
ETTh2,42,TCD2Vformer_query_conditioned,query_conditioned,336,0.98288,89.9938,0.01977,0.9299,0.0011,0.9229,0.9376
ETTh2,42,TCD2Vformer_query_conditioned,query_conditioned,720,0.98307,90.031,0.01969,0.9299,0.0011,0.9223,0.9376
ETTh2,43,TCD2Vformer_query_conditioned,query_conditioned,24,0.9811,89.4151,0.02052,0.8854,0.0026,0.8704,0.899
ETTh2,43,TCD2Vformer_query_conditioned,query_conditioned,48,0.98199,89.6669,0.02026,0.8854,0.0026,0.8696,0.899
ETTh2,43,TCD2Vformer_query_conditioned,query_conditioned,96,0.98251,89.7987,0.02011,0.8854,0.0026,0.8696,0.9003
ETTh2,43,TCD2Vformer_query_conditioned,query_conditioned,192,0.98238,89.7337,0.01987,0.8853,0.0026,0.8696,0.9003
ETTh2,43,TCD2Vformer_query_conditioned,query_conditioned,336,0.98258,89.7807,0.01977,0.8853,0.0026,0.8677,0.9003
ETTh2,43,TCD2Vformer_query_conditioned,query_conditioned,720,0.98237,89.7143,0.01988,0.8853,0.0026,0.8677,0.9013
ETTh2,44,TCD2Vformer_query_conditioned,query_conditioned,24,0.97032,86.6875,0.02538,0.8971,0.0024,0.882,0.9125
ETTh2,44,TCD2Vformer_query_conditioned,query_conditioned,48,0.97153,86.9592,0.02498,0.8971,0.0024,0.882,0.9125
ETTh2,44,TCD2Vformer_query_conditioned,query_conditioned,96,0.97274,87.2055,0.02449,0.8971,0.0024,0.8784,0.9166
ETTh2,44,TCD2Vformer_query_conditioned,query_conditioned,192,0.97273,87.1691,0.02412,0.8971,0.0024,0.8784,0.9166
ETTh2,44,TCD2Vformer_query_conditioned,query_conditioned,336,0.97326,87.2782,0.02384,0.8971,0.0024,0.8781,0.9166
ETTh2,44,TCD2Vformer_query_conditioned,query_conditioned,720,0.9735,87.3116,0.02372,0.8971,0.0024,0.8781,0.9166
ETTm1,42,TCD2Vformer_fixed,fixed,24,0.97227,87.4649,0.01949,1.0,0.0,1.0,1.0
ETTm1,42,TCD2Vformer_fixed,fixed,48,0.97253,87.4753,0.01936,1.0,0.0,1.0,1.0
ETTm1,42,TCD2Vformer_fixed,fixed,96,0.97304,87.5269,0.01908,1.0,0.0,1.0,1.0
ETTm1,42,TCD2Vformer_fixed,fixed,192,0.97372,87.6847,0.01894,1.0,0.0,1.0,1.0
ETTm1,42,TCD2Vformer_fixed,fixed,336,0.97428,87.7907,0.01882,1.0,0.0,1.0,1.0
ETTm1,42,TCD2Vformer_fixed,fixed,720,0.975,87.9521,0.01862,1.0,0.0,1.0,1.0
ETTm1,43,TCD2Vformer_fixed,fixed,24,0.96258,85.0539,0.02245,1.0,0.0,1.0,1.0
ETTm1,43,TCD2Vformer_fixed,fixed,48,0.96192,84.8865,0.02254,1.0,0.0,1.0,1.0
ETTm1,43,TCD2Vformer_fixed,fixed,96,0.963,85.0353,0.02209,1.0,0.0,1.0,1.0
ETTm1,43,TCD2Vformer_fixed,fixed,192,0.96372,85.1978,0.02193,1.0,0.0,1.0,1.0
ETTm1,43,TCD2Vformer_fixed,fixed,336,0.96427,85.3069,0.02181,1.0,0.0,1.0,1.0
ETTm1,43,TCD2Vformer_fixed,fixed,720,0.96495,85.4739,0.0216,1.0,0.0,1.0,1.0
ETTm1,44,TCD2Vformer_fixed,fixed,24,0.96191,84.7444,0.02255,1.0,0.0,1.0,1.0
ETTm1,44,TCD2Vformer_fixed,fixed,48,0.96182,84.674,0.02248,1.0,0.0,1.0,1.0
ETTm1,44,TCD2Vformer_fixed,fixed,96,0.96261,84.7643,0.02209,1.0,0.0,1.0,1.0
ETTm1,44,TCD2Vformer_fixed,fixed,192,0.96333,84.9288,0.02193,1.0,0.0,1.0,1.0
ETTm1,44,TCD2Vformer_fixed,fixed,336,0.96388,85.0272,0.02182,1.0,0.0,1.0,1.0
ETTm1,44,TCD2Vformer_fixed,fixed,720,0.96474,85.2176,0.02156,1.0,0.0,1.0,1.0
ETTm1,42,TCD2Vformer_learned_global,learned_global,24,0.95551,82.1935,0.02359,0.4398,0.0,0.4398,0.4398
ETTm1,42,TCD2Vformer_learned_global,learned_global,48,0.95596,82.2222,0.02327,0.4398,0.0,0.4398,0.4398
ETTm1,42,TCD2Vformer_learned_global,learned_global,96,0.95655,82.2679,0.02288,0.4398,0.0,0.4398,0.4398
ETTm1,42,TCD2Vformer_learned_global,learned_global,192,0.95743,82.4656,0.0227,0.4398,0.0,0.4398,0.4398
ETTm1,42,TCD2Vformer_learned_global,learned_global,336,0.95813,82.5875,0.02256,0.4398,0.0,0.4398,0.4398
ETTm1,42,TCD2Vformer_learned_global,learned_global,720,0.95916,82.8216,0.02232,0.4398,0.0,0.4398,0.4398
ETTm1,43,TCD2Vformer_learned_global,learned_global,24,0.9453,79.9531,0.02687,0.4389,0.0,0.4389,0.4389
ETTm1,43,TCD2Vformer_learned_global,learned_global,48,0.94474,79.8028,0.02679,0.4389,0.0,0.4389,0.4389
ETTm1,43,TCD2Vformer_learned_global,learned_global,96,0.94585,79.9219,0.02625,0.4389,0.0,0.4389,0.4389
ETTm1,43,TCD2Vformer_learned_global,learned_global,192,0.94676,80.1258,0.02605,0.4389,0.0,0.4389,0.4389
ETTm1,43,TCD2Vformer_learned_global,learned_global,336,0.94747,80.2585,0.02591,0.4389,0.0,0.4389,0.4389
ETTm1,43,TCD2Vformer_learned_global,learned_global,720,0.94849,80.4976,0.02565,0.4389,0.0,0.4389,0.4389
ETTm1,44,TCD2Vformer_learned_global,learned_global,24,0.9371,77.7285,0.02892,0.3727,0.0,0.3727,0.3727
ETTm1,44,TCD2Vformer_learned_global,learned_global,48,0.93715,77.6865,0.02864,0.3727,0.0,0.3727,0.3727
ETTm1,44,TCD2Vformer_learned_global,learned_global,96,0.93813,77.7851,0.02812,0.3727,0.0,0.3727,0.3727
ETTm1,44,TCD2Vformer_learned_global,learned_global,192,0.939,77.9747,0.02795,0.3727,0.0,0.3727,0.3727
ETTm1,44,TCD2Vformer_learned_global,learned_global,336,0.93954,78.0525,0.02785,0.3727,0.0,0.3727,0.3727
ETTm1,44,TCD2Vformer_learned_global,learned_global,720,0.94075,78.3029,0.02752,0.3727,0.0,0.3727,0.3727
ETTm1,42,TCD2Vformer_temporal_context,temporal_context,24,0.92213,72.4417,0.03059,0.2042,0.0216,0.1603,0.3334
ETTm1,42,TCD2Vformer_temporal_context,temporal_context,48,0.92283,72.4155,0.02987,0.2042,0.0216,0.1603,0.3334
ETTm1,42,TCD2Vformer_temporal_context,temporal_context,96,0.92433,72.601,0.02918,0.2042,0.0216,0.1603,0.3334
ETTm1,42,TCD2Vformer_temporal_context,temporal_context,192,0.92531,72.7926,0.029,0.2042,0.0217,0.1603,0.3334
ETTm1,42,TCD2Vformer_temporal_context,temporal_context,336,0.9259,72.8431,0.02887,0.2043,0.0217,0.1603,0.3334
ETTm1,42,TCD2Vformer_temporal_context,temporal_context,720,0.92752,73.1868,0.02853,0.2049,0.0217,0.1603,0.3334
ETTm1,43,TCD2Vformer_temporal_context,temporal_context,24,0.90425,68.2509,0.03588,0.1845,0.049,0.1219,0.6887
ETTm1,43,TCD2Vformer_temporal_context,temporal_context,48,0.90449,68.1764,0.03519,0.1845,0.0491,0.1219,0.6887
ETTm1,43,TCD2Vformer_temporal_context,temporal_context,96,0.90622,68.3634,0.03438,0.1846,0.0492,0.1219,0.6887
ETTm1,43,TCD2Vformer_temporal_context,temporal_context,192,0.907,68.5357,0.03424,0.1847,0.0493,0.1219,0.6887
ETTm1,43,TCD2Vformer_temporal_context,temporal_context,336,0.90738,68.5688,0.03413,0.1852,0.0493,0.1219,0.6887
ETTm1,43,TCD2Vformer_temporal_context,temporal_context,720,0.90974,69.0512,0.03353,0.1865,0.0494,0.1219,0.6887
ETTm1,44,TCD2Vformer_temporal_context,temporal_context,24,0.87653,61.6471,0.04273,0.1327,0.0487,0.1009,0.7794
ETTm1,44,TCD2Vformer_temporal_context,temporal_context,48,0.87699,61.593,0.04169,0.1328,0.0487,0.1009,0.7794
ETTm1,44,TCD2Vformer_temporal_context,temporal_context,96,0.87827,61.6833,0.04102,0.1328,0.0488,0.1009,0.7794
ETTm1,44,TCD2Vformer_temporal_context,temporal_context,192,0.87911,61.8632,0.04094,0.133,0.0489,0.1009,0.7794
ETTm1,44,TCD2Vformer_temporal_context,temporal_context,336,0.87903,61.8515,0.04099,0.1333,0.0491,0.1009,0.7794
ETTm1,44,TCD2Vformer_temporal_context,temporal_context,720,0.88095,62.2172,0.04047,0.1341,0.0495,0.1009,0.7794
ETTm1,42,TCD2Vformer_query_conditioned,query_conditioned,24,0.90668,67.7706,0.03401,0.1728,0.1715,0.1029,4.0621
ETTm1,42,TCD2Vformer_query_conditioned,query_conditioned,48,0.9024,66.7615,0.03439,0.1607,0.1322,0.1029,4.0621
ETTm1,42,TCD2Vformer_query_conditioned,query_conditioned,96,0.90399,67.0807,0.03379,0.1655,0.1476,0.1027,4.4547
ETTm1,42,TCD2Vformer_query_conditioned,query_conditioned,192,0.90464,67.2272,0.03367,0.1651,0.149,0.1024,4.4762
ETTm1,42,TCD2Vformer_query_conditioned,query_conditioned,336,0.90416,67.1275,0.03374,0.164,0.1484,0.1024,4.4762
ETTm1,42,TCD2Vformer_query_conditioned,query_conditioned,720,0.90497,67.2686,0.03356,0.1637,0.1494,0.1024,4.6018
ETTm1,43,TCD2Vformer_query_conditioned,query_conditioned,24,0.92047,72.2229,0.03191,0.2435,0.0646,0.1288,0.7544
ETTm1,43,TCD2Vformer_query_conditioned,query_conditioned,48,0.92102,72.356,0.03141,0.2462,0.0667,0.1285,0.7727
ETTm1,43,TCD2Vformer_query_conditioned,query_conditioned,96,0.92318,72.718,0.03055,0.248,0.066,0.1285,0.7727
ETTm1,43,TCD2Vformer_query_conditioned,query_conditioned,192,0.92404,72.9144,0.03034,0.2474,0.0655,0.1285,0.7727
ETTm1,43,TCD2Vformer_query_conditioned,query_conditioned,336,0.92415,72.8923,0.03029,0.2463,0.0647,0.1285,0.7727
ETTm1,43,TCD2Vformer_query_conditioned,query_conditioned,720,0.92542,73.1374,0.03001,0.2458,0.0628,0.1285,0.7953
ETTm1,44,TCD2Vformer_query_conditioned,query_conditioned,24,0.87608,61.6878,0.04266,0.1289,0.025,0.1016,0.33
ETTm1,44,TCD2Vformer_query_conditioned,query_conditioned,48,0.87678,61.7541,0.0417,0.1295,0.0259,0.101,0.3554
ETTm1,44,TCD2Vformer_query_conditioned,query_conditioned,96,0.87952,62.1511,0.04063,0.1313,0.0282,0.101,0.3888
ETTm1,44,TCD2Vformer_query_conditioned,query_conditioned,192,0.88051,62.346,0.04047,0.1312,0.0283,0.101,0.3888
ETTm1,44,TCD2Vformer_query_conditioned,query_conditioned,336,0.88045,62.2849,0.04047,0.1307,0.0281,0.101,0.5656
ETTm1,44,TCD2Vformer_query_conditioned,query_conditioned,720,0.88167,62.4412,0.04014,0.1305,0.0275,0.101,0.5656
exchange,42,TCD2Vformer_fixed,fixed,24,0.95668,83.5121,0.03649,1.0,0.0,1.0,1.0
exchange,42,TCD2Vformer_fixed,fixed,48,0.95687,83.5366,0.03638,1.0,0.0,1.0,1.0
exchange,42,TCD2Vformer_fixed,fixed,96,0.95858,83.901,0.03534,1.0,0.0,1.0,1.0
exchange,42,TCD2Vformer_fixed,fixed,192,0.95825,83.6833,0.03526,1.0,0.0,1.0,1.0
exchange,42,TCD2Vformer_fixed,fixed,336,0.96132,84.4238,0.03375,1.0,0.0,1.0,1.0
exchange,42,TCD2Vformer_fixed,fixed,720,0.96124,84.4066,0.03389,1.0,0.0,1.0,1.0
exchange,43,TCD2Vformer_fixed,fixed,24,0.96809,86.1512,0.02989,1.0,0.0,1.0,1.0
exchange,43,TCD2Vformer_fixed,fixed,48,0.96851,86.2339,0.0297,1.0,0.0,1.0,1.0
exchange,43,TCD2Vformer_fixed,fixed,96,0.97015,86.6015,0.02875,1.0,0.0,1.0,1.0
exchange,43,TCD2Vformer_fixed,fixed,192,0.97021,86.4927,0.02859,1.0,0.0,1.0,1.0
exchange,43,TCD2Vformer_fixed,fixed,336,0.97253,87.1192,0.02754,1.0,0.0,1.0,1.0
exchange,43,TCD2Vformer_fixed,fixed,720,0.97262,87.1463,0.02761,1.0,0.0,1.0,1.0
exchange,44,TCD2Vformer_fixed,fixed,24,0.97193,86.8878,0.02776,1.0,0.0,1.0,1.0
exchange,44,TCD2Vformer_fixed,fixed,48,0.97201,86.9012,0.02776,1.0,0.0,1.0,1.0
exchange,44,TCD2Vformer_fixed,fixed,96,0.97244,86.9721,0.02756,1.0,0.0,1.0,1.0
exchange,44,TCD2Vformer_fixed,fixed,192,0.97295,87.0512,0.02718,1.0,0.0,1.0,1.0
exchange,44,TCD2Vformer_fixed,fixed,336,0.97528,87.7197,0.02616,1.0,0.0,1.0,1.0
exchange,44,TCD2Vformer_fixed,fixed,720,0.97491,87.659,0.02626,1.0,0.0,1.0,1.0
exchange,42,TCD2Vformer_learned_global,learned_global,24,0.95583,83.3098,0.03697,0.9859,0.0,0.9859,0.9859
exchange,42,TCD2Vformer_learned_global,learned_global,48,0.95603,83.3337,0.03687,0.9859,0.0,0.9859,0.9859
exchange,42,TCD2Vformer_learned_global,learned_global,96,0.95776,83.7014,0.03581,0.9859,0.0,0.9859,0.9859
exchange,42,TCD2Vformer_learned_global,learned_global,192,0.95741,83.4788,0.03573,0.9859,0.0,0.9859,0.9859
exchange,42,TCD2Vformer_learned_global,learned_global,336,0.96054,84.228,0.03419,0.9859,0.0,0.9859,0.9859
exchange,42,TCD2Vformer_learned_global,learned_global,720,0.96045,84.2102,0.03434,0.9859,0.0,0.9859,0.9859
exchange,43,TCD2Vformer_learned_global,learned_global,24,0.96711,85.8913,0.03043,0.9794,0.0,0.9794,0.9794
exchange,43,TCD2Vformer_learned_global,learned_global,48,0.96754,85.9741,0.03024,0.9794,0.0,0.9794,0.9794
exchange,43,TCD2Vformer_learned_global,learned_global,96,0.96921,86.3467,0.02926,0.9794,0.0,0.9794,0.9794
exchange,43,TCD2Vformer_learned_global,learned_global,192,0.96927,86.2322,0.02909,0.9794,0.0,0.9794,0.9794
exchange,43,TCD2Vformer_learned_global,learned_global,336,0.97165,86.8717,0.02803,0.9794,0.0,0.9794,0.9794
exchange,43,TCD2Vformer_learned_global,learned_global,720,0.97174,86.8988,0.02809,0.9794,0.0,0.9794,0.9794
exchange,44,TCD2Vformer_learned_global,learned_global,24,0.96995,86.3366,0.02884,0.9541,0.0,0.9541,0.9541
exchange,44,TCD2Vformer_learned_global,learned_global,48,0.97003,86.3485,0.02884,0.9541,0.0,0.9541,0.9541
exchange,44,TCD2Vformer_learned_global,learned_global,96,0.97049,86.4195,0.02863,0.9541,0.0,0.9541,0.9541
exchange,44,TCD2Vformer_learned_global,learned_global,192,0.97102,86.5008,0.02821,0.9541,0.0,0.9541,0.9541
exchange,44,TCD2Vformer_learned_global,learned_global,336,0.9735,87.1994,0.02713,0.9541,0.0,0.9541,0.9541
exchange,44,TCD2Vformer_learned_global,learned_global,720,0.97312,87.1401,0.02724,0.9541,0.0,0.9541,0.9541
exchange,42,TCD2Vformer_temporal_context,temporal_context,24,0.95386,82.8547,0.03812,0.9599,0.0003,0.9587,0.9611
exchange,42,TCD2Vformer_temporal_context,temporal_context,48,0.95405,82.8767,0.03801,0.9599,0.0003,0.9587,0.9611
exchange,42,TCD2Vformer_temporal_context,temporal_context,96,0.95582,83.2474,0.03692,0.9599,0.0003,0.9587,0.9611
exchange,42,TCD2Vformer_temporal_context,temporal_context,192,0.95546,83.0154,0.03683,0.9599,0.0003,0.9587,0.9611
exchange,42,TCD2Vformer_temporal_context,temporal_context,336,0.95869,83.7758,0.03525,0.9599,0.0003,0.9589,0.9611
exchange,42,TCD2Vformer_temporal_context,temporal_context,720,0.95864,83.7661,0.03538,0.96,0.0003,0.9589,0.9611
exchange,43,TCD2Vformer_temporal_context,temporal_context,24,0.96646,85.7371,0.03082,0.969,0.0007,0.9657,0.9715
exchange,43,TCD2Vformer_temporal_context,temporal_context,48,0.96689,85.8205,0.03062,0.969,0.0007,0.9657,0.9715
exchange,43,TCD2Vformer_temporal_context,temporal_context,96,0.96859,86.1972,0.02961,0.969,0.0007,0.9657,0.9715
exchange,43,TCD2Vformer_temporal_context,temporal_context,192,0.96863,86.0763,0.02946,0.969,0.0007,0.9662,0.9715
exchange,43,TCD2Vformer_temporal_context,temporal_context,336,0.97105,86.7206,0.02837,0.969,0.0007,0.9662,0.9715
exchange,43,TCD2Vformer_temporal_context,temporal_context,720,0.97115,86.7467,0.02844,0.969,0.0007,0.9662,0.971
exchange,44,TCD2Vformer_temporal_context,temporal_context,24,0.97842,88.4633,0.02401,0.9576,0.0004,0.9561,0.9588
exchange,44,TCD2Vformer_temporal_context,temporal_context,48,0.9785,88.4872,0.02403,0.9576,0.0004,0.9561,0.9588
exchange,44,TCD2Vformer_temporal_context,temporal_context,96,0.979,88.6036,0.02381,0.9576,0.0004,0.9561,0.9588
exchange,44,TCD2Vformer_temporal_context,temporal_context,192,0.97936,88.6647,0.02358,0.9576,0.0004,0.9561,0.9588
exchange,44,TCD2Vformer_temporal_context,temporal_context,336,0.98106,89.1999,0.02285,0.9576,0.0004,0.9561,0.9588
exchange,44,TCD2Vformer_temporal_context,temporal_context,720,0.98075,89.1283,0.02293,0.9576,0.0004,0.9563,0.9586
exchange,42,TCD2Vformer_query_conditioned,query_conditioned,24,0.95395,82.8749,0.03807,0.9613,0.0007,0.9576,0.9644
exchange,42,TCD2Vformer_query_conditioned,query_conditioned,48,0.95414,82.8967,0.03796,0.9613,0.0006,0.9576,0.9644
exchange,42,TCD2Vformer_query_conditioned,query_conditioned,96,0.95591,83.2672,0.03687,0.9613,0.0006,0.9576,0.9656
exchange,42,TCD2Vformer_query_conditioned,query_conditioned,192,0.95555,83.0361,0.03679,0.9613,0.0006,0.9573,0.9656
exchange,42,TCD2Vformer_query_conditioned,query_conditioned,336,0.95877,83.7958,0.0352,0.9613,0.0006,0.9573,0.9656
exchange,42,TCD2Vformer_query_conditioned,query_conditioned,720,0.95871,83.7855,0.03533,0.9613,0.0006,0.9573,0.9653
exchange,43,TCD2Vformer_query_conditioned,query_conditioned,24,0.96646,85.7379,0.03082,0.9692,0.001,0.963,0.9741
exchange,43,TCD2Vformer_query_conditioned,query_conditioned,48,0.96689,85.8212,0.03062,0.9692,0.001,0.963,0.9741
exchange,43,TCD2Vformer_query_conditioned,query_conditioned,96,0.96859,86.1986,0.02962,0.9692,0.001,0.963,0.9747
exchange,43,TCD2Vformer_query_conditioned,query_conditioned,192,0.96863,86.0786,0.02946,0.9693,0.001,0.9629,0.9758
exchange,43,TCD2Vformer_query_conditioned,query_conditioned,336,0.97106,86.7242,0.02836,0.9693,0.001,0.9626,0.9758
exchange,43,TCD2Vformer_query_conditioned,query_conditioned,720,0.97116,86.7508,0.02843,0.9694,0.001,0.9624,0.976
exchange,44,TCD2Vformer_query_conditioned,query_conditioned,24,0.97843,88.4664,0.02401,0.9579,0.0006,0.9549,0.9607
exchange,44,TCD2Vformer_query_conditioned,query_conditioned,48,0.97851,88.49,0.02402,0.9579,0.0006,0.9548,0.9608
exchange,44,TCD2Vformer_query_conditioned,query_conditioned,96,0.97901,88.606,0.02381,0.9579,0.0006,0.9545,0.9609
exchange,44,TCD2Vformer_query_conditioned,query_conditioned,192,0.97936,88.6671,0.02358,0.9579,0.0006,0.9543,0.9623
exchange,44,TCD2Vformer_query_conditioned,query_conditioned,336,0.98107,89.2026,0.02284,0.9579,0.0006,0.9543,0.9623
exchange,44,TCD2Vformer_query_conditioned,query_conditioned,720,0.98076,89.1313,0.02293,0.958,0.0006,0.9543,0.9623
